demand,inference_time,month,week,week_in_month,day,days_since_last_holiday,days_until_next_holiday,average_price_in_last_1_weeks,average_price_1_weeks_ago,average_price_in_last_2_weeks,average_price_2_weeks_ago,average_price_in_last_3_weeks,average_price_3_weeks_ago,average_price_in_last_4_weeks,average_price_4_weeks_ago,average_price_in_last_5_weeks,average_price_5_weeks_ago,average_price_in_last_6_weeks,average_price_6_weeks_ago,average_price_in_last_7_weeks,average_price_7_weeks_ago,total_volume_in_last_1_weeks,total_volume_1_weeks_ago,total_volume_in_last_2_weeks,total_volume_2_weeks_ago,total_volume_in_last_3_weeks,total_volume_3_weeks_ago,total_volume_in_last_4_weeks,total_volume_4_weeks_ago,total_volume_in_last_5_weeks,total_volume_5_weeks_ago,total_volume_in_last_6_weeks,total_volume_6_weeks_ago,total_volume_in_last_7_weeks,total_volume_7_weeks_ago
89434843.26,2015-02-22,2,8,4,22,52.0,1191.0,1.375138888888889,1.3875925925925927,1.3535802469135805,1.310462962962963,1.3269444444444447,1.2470370370370374,1.3409814814814818,1.3971296296296298,1.3493364197530866,1.3911111111111112,1.3523809523809525,1.3706481481481478,1.3459953703703704,1.301296296296296,78256628.88999999,75637163.02999999,81061454.65999998,86671106.2,90659399.8075,119453235.25,87820776.06,76466281.07000001,86248777.39666666,78388784.08000001,85149781.66,78555807.24,85090351.10249999,84674337.19999999
81281673.67999999,2015-03-01,3,9,1,1,59.0,1184.0,1.336851851851852,1.362685185185185,1.3537654320987655,1.3875925925925927,1.3429398148148146,1.310462962962963,1.3237592592592595,1.2470370370370374,1.335987654320988,1.3971296296296298,1.343862433862434,1.3911111111111112,1.347210648148148,1.3706481481481478,85155469.005,80876094.74999999,81982700.34666666,75637163.02999999,83154801.81,86671106.2,90414488.498,119453235.25,88089787.26,76466281.07000001,86703929.66285715,78388784.08000001,85685414.35999998,78555807.24
79676823.58000001,2015-03-08,3,10,2,8,66.0,1177.0,1.3355555555555556,1.3110185185185184,1.3445987654320988,1.362685185185185,1.3553472222222225,1.3875925925925927,1.3463703703703709,1.310462962962963,1.329814814814815,1.2470370370370374,1.339431216931217,1.3971296296296298,1.345891203703704,1.3911111111111112,85358258.47,89434843.26,83864203.89666666,80876094.74999999,81807443.67999999,75637163.02999999,82780176.184,86671106.2,88892352.69500001,119453235.25,87117199.60571429,76466281.07000001,86026147.665,78388784.08000001
87346316.97,2015-03-15,3,11,3,15,73.0,1170.0,1.3760185185185183,1.360092592592593,1.3543518518518518,1.3110185185185184,1.3564351851851852,1.362685185185185,1.362666666666667,1.3875925925925927,1.353966049382716,1.310462962962963,1.3386904761904763,1.2470370370370374,1.3459953703703704,1.3971296296296298,80479248.63,81281673.67999999,83464446.83999999,89434843.26,82817358.8175,80876094.74999999,81381319.66,75637163.02999999,82262950.74999999,86671106.2,87575848.53571428,119453235.25,86187152.6025,76466281.07000001
80843412.27999997,2015-03-22,3,12,4,22,80.0,1163.0,1.3706018518518517,1.3919444444444442,1.3670987654320987,1.360092592592593,1.3530787037037038,1.3110185185185184,1.355,1.362685185185185,1.3604320987654324,1.3875925925925927,1.3532936507936508,1.310462962962963,1.340011574074074,1.2470370370370374,83511570.275,79676823.58000001,82768271.41000001,81281673.67999999,84434914.3725,89434843.26,83723150.448,80876094.74999999,82375485.87833333,75637163.02999999,82989145.9242857,86671106.2,87547157.08999999,119453235.25
84743083.13999999,2015-03-29,3,13,5,29,87.0,1156.0,1.3734259259259258,1.3492592592592592,1.3795987654320987,1.3919444444444442,1.3747222222222224,1.360092592592593,1.3619814814814817,1.3110185185185184,1.3620987654320986,1.362685185185185,1.3657407407407407,1.3875925925925927,1.3588310185185184,1.310462962962963,84094864.62499999,87346316.97,82622184.27666666,79676823.58000001,82287056.6275,81281673.67999999,83716613.954,89434843.26,83243194.08666666,80876094.74999999,82156618.22142856,75637163.02999999,82720929.21874999,86671106.2
86410695.2,2015-04-05,4,14,1,5,94.0,1149.0,1.4052777777777776,1.3975925925925925,1.3866049382716048,1.3492592592592592,1.3879398148148148,1.3919444444444442,1.3823703703703702,1.360092592592593,1.3704783950617283,1.3110185185185184,1.3693650793650796,1.362685185185185,1.3716435185185183,1.3875925925925927,82793247.70999998,80843412.27999997,84310937.46333332,87346316.97,83152408.99249999,79676823.58000001,82778261.92999999,81281673.67999999,83887692.15166666,89434843.26,83457463.95142856,80876094.74999999,82479926.33624999,75637163.02999999
89176294.86,2015-04-12,4,15,2,12,101.0,1142.0,1.388472222222222,1.412962962962963,1.3915123456790124,1.3975925925925925,1.380949074074074,1.3492592592592592,1.383148148148148,1.3919444444444442,1.3793055555555558,1.360092592592593,1.3695502645502646,1.3110185185185184,1.3686921296296295,1.362685185185185,85576889.16999999,84743083.13999999,83999063.53999998,80843412.27999997,84835876.8975,87346316.97,83804066.234,79676823.58000001,83383667.475,81281673.67999999,84248121.1585714,89434843.26,83826617.85749999,80876094.74999999
83814321.94999997,2015-04-19,4,16,3,19,108.0,1135.0,1.367824074074074,1.3639814814814817,1.3828703703703704,1.412962962962963,1.386550925925926,1.3975925925925925,1.3790925925925923,1.3492592592592592,1.3812345679012346,1.3919444444444442,1.3782142857142856,1.360092592592593,1.3698148148148148,1.3110185185185184,87793495.03,86410695.2,86776691.06666666,84743083.13999999,85293371.36999999,80843412.27999997,85703960.49,87346316.97,84699437.67166667,79676823.58000001,84211185.67285714,81281673.67999999,84864142.87125,89434843.26
111791841.88,2015-04-26,4,17,4,26,115.0,1128.0,1.3784259259259255,1.3716666666666666,1.3736111111111111,1.3639814814814817,1.383449074074074,1.412962962962963,1.3862777777777775,1.3975925925925925,1.380108024691358,1.3492592592592592,1.381798941798942,1.3919444444444442,1.3790856481481482,1.360092592592593,86495308.40499999,89176294.86,86467104.00333332,86410695.2,86036098.7875,84743083.13999999,84997561.48599999,80843412.27999997,85389020.73333333,87346316.97,84572992.56857142,79676823.58000001,84161577.7075,81281673.67999999
98873860.95,2015-05-03,5,18,1,3,122.0,1121.0,1.334537037037037,1.385185185185185,1.3469135802469137,1.3716666666666666,1.3511805555555556,1.3639814814814817,1.363537037037037,1.412962962962963,1.3692129629629628,1.3975925925925925,1.366362433862434,1.3492592592592592,1.369560185185185,1.3919444444444442,97803081.915,83814321.94999997,94927486.23,89176294.86,92798288.4725,86410695.2,91187247.406,84743083.13999999,89463274.88499999,80843412.27999997,89160852.32571428,87346316.97,87975348.73249999,79676823.58000001
86376992.96000002,2015-05-10,5,19,2,10,129.0,1114.0,1.3037037037037038,1.283888888888889,1.3308641975308644,1.385185185185185,1.3410648148148148,1.3716666666666666,1.345648148148148,1.3639814814814817,1.3568672839506173,1.412962962962963,1.362685185185185,1.3975925925925925,1.3610069444444444,1.3492592592592592,105332851.415,111791841.88,98160008.26,83814321.94999997,95914079.91,89176294.86,94013402.968,86410695.2,92468349.66333334,84743083.13999999,90807644.32285714,80843412.27999997,90374978.40375,87346316.97
95346225.94,2015-05-17,5,20,3,17,136.0,1107.0,1.3383333333333334,1.3235185185185183,1.3201851851851851,1.283888888888889,1.3364351851851852,1.385185185185185,1.3434814814814815,1.3716666666666666,1.346898148148148,1.3639814814814817,1.3563359788359788,1.412962962962963,1.3614930555555556,1.3975925925925925,92625426.955,98873860.95,99014231.93,111791841.88,95214254.435,83814321.94999997,94006662.52,89176294.86,92740667.96666664,86410695.2,91598155.84857142,84743083.13999999,90253812.9025,80843412.27999997
91395123.06,2015-05-24,5,21,4,24,143.0,1100.0,1.3668055555555554,1.353148148148148,1.3523765432098764,1.3235185185185183,1.3352546296296297,1.283888888888889,1.3452407407407407,1.385185185185185,1.3496450617283948,1.3716666666666666,1.3516931216931216,1.3639814814814817,1.359351851851852,1.412962962962963,90861609.45000002,86376992.96000002,93532359.95,98873860.95,98097230.43250002,111791841.88,95240648.736,83814321.94999997,94229923.09,89176294.86,93112890.53428572,86410695.2,92066664.61,84743083.13999999
98458280.6,2015-05-31,5,22,5,31,150.0,1093.0,1.3814351851851852,1.3804629629629628,1.372006172839506,1.353148148148148,1.359884259259259,1.3235185185185183,1.344685185185185,1.283888888888889,1.3514351851851851,1.385185185185185,1.3543253968253968,1.3716666666666666,1.3555324074074075,1.3639814814814817,93370674.5,95346225.94,91039447.32,86376992.96000002,92998050.7275,98873860.95,96756808.958,111791841.88,94599727.79,83814321.94999997,93824951.65714283,89176294.86,92898169.6,86410695.2
99753684.25,2015-06-07,6,23,1,7,157.0,1086.0,1.3816666666666668,1.3824074074074073,1.3812654320987654,1.3804629629629628,1.374236111111111,1.353148148148148,1.3640925925925924,1.3235185185185183,1.3507253086419757,1.283888888888889,1.3556481481481482,1.385185185185185,1.357650462962963,1.3716666666666666,94926701.83,91395123.06,95066543.2,95346225.94,92894155.64000002,86376992.96000002,94090096.702,98873860.95,97040387.565,111791841.88,95150949.62,83814321.94999997,94404117.775,89176294.86
96342128.02999996,2015-06-14,6,24,2,14,164.0,1079.0,1.390694444444445,1.380925925925926,1.3879320987654322,1.3824074074074073,1.3860648148148147,1.3804629629629628,1.3794814814814815,1.353148148148148,1.3701543209876543,1.3235185185185183,1.3578306878306878,1.283888888888889,1.3612499999999998,1.385185185185185,99105982.425,98458280.6,96535695.96999998,91395123.06,96238328.4625,95346225.94,94266061.36200002,86376992.96000002,95034027.96,98873860.95,97428001.37714286,111791841.88,95726291.44875,83814321.94999997
87272650.83,2015-06-21,6,25,3,21,171.0,1072.0,1.4044444444444444,1.400462962962963,1.396604938271605,1.380925925925926,1.3930555555555555,1.3824074074074073,1.3905370370370371,1.3804629629629628,1.3843055555555557,1.353148148148148,1.375621693121693,1.3235185185185183,1.3641550925925925,1.283888888888889,98047906.14,99753684.25,98184697.62666668,98458280.6,96487303.98499998,91395123.06,96259088.376,95346225.94,94612072.47333334,86376992.96000002,95220899.39857142,98873860.95,97292267.20875,111791841.88
102096973.49,2015-06-28,6,26,4,28,178.0,1065.0,1.4074537037037036,1.4084259259259255,1.4051234567901234,1.400462962962963,1.399074074074074,1.380925925925926,1.3957407407407405,1.3824074074074073,1.3931944444444444,1.3804629629629628,1.387473544973545,1.353148148148148,1.3794791666666666,1.3235185185185183,91807389.42999998,96342128.02999996,94456154.37,99753684.25,95456685.9275,98458280.6,94644373.354,91395123.06,94761348.78499998,95346225.94,93563583.66714284,86376992.96000002,94227368.3275,98873860.95
85157946.29999998,2015-07-05,7,27,1,5,185.0,1058.0,1.4101388888888888,1.4064814814814812,1.409567901234568,1.4084259259259255,1.4072916666666666,1.400462962962963,1.4020185185185183,1.380925925925926,1.39875,1.3824074074074073,1.396137566137566,1.3804629629629628,1.390763888888889,1.353148148148148,94684812.16,87272650.83,95237250.78333332,96342128.02999996,96366359.15,99753684.25,96784743.43999998,98458280.6,95886473.37666668,91395123.06,95809295.17142858,95346225.94,94630257.395,86376992.96000002
87136612.91,2015-07-12,7,28,2,12,192.0,1051.0,1.4147222222222222,1.4137962962962964,1.4119753086419753,1.4064814814814812,1.411087962962963,1.4084259259259255,1.408962962962963,1.400462962962963,1.4042901234567902,1.380925925925926,1.4011640211640213,1.3824074074074073,1.398576388888889,1.3804629629629628,93627459.89499998,102096973.49,91509190.20666666,87272650.83,92717424.6625,96342128.02999996,94124676.57999998,99753684.25,94846943.91666669,98458280.6,94353826.65142857,91395123.06,94477876.5625,95346225.94
82310339.93,2015-07-19,7,29,3,19,199.0,1044.0,1.401574074074074,1.4156481481481482,1.4056481481481482,1.4137962962962964,1.4058564814814816,1.4064814814814812,1.4063703703703705,1.4084259259259255,1.4053858024691357,1.400462962962963,1.4018915343915344,1.380925925925926,1.3994560185185183,1.3824074074074073,86147279.60499999,85157946.29999998,91463844.23333332,102096973.49,90416045.8825,87272650.83,91601262.312,96342128.02999996,92959999.30166666,99753684.25,93745468.05857144,98458280.6,93451674.93375,91395123.06
81918931.53999998,2015-07-26,7,30,4,26,206.0,1037.0,1.4041666666666668,1.3875,1.407993827160494,1.4156481481481482,1.4094444444444445,1.4137962962962964,1.408851851851852,1.4064814814814812,1.4087808641975308,1.4084259259259255,1.4075925925925927,1.400462962962963,1.404259259259259,1.380925925925926,84723476.42,87136612.91,84868299.71333332,85157946.29999998,89175468.1575,102096973.49,88794904.692,87272650.83,90052775.24833332,96342128.02999996,91438619.39142856,99753684.25,92316077.0425,98458280.6
90062660.01,2015-08-02,8,31,1,2,213.0,1030.0,1.449074074074074,1.4208333333333334,1.4285493827160494,1.3875,1.425324074074074,1.4156481481481482,1.4230185185185185,1.4137962962962964,1.4202623456790124,1.4064814814814812,1.4185714285714286,1.4084259259259255,1.4163078703703702,1.400462962962963,82114635.73499998,82310339.93,83788628.12666667,87136612.91,84130957.66999999,85157946.29999998,87724160.83399999,102096973.49,87648909.16666666,87272650.83,88890797.57571428,96342128.02999996,90248658.40999998,99753684.25
86277787.14999998,2015-08-09,8,32,2,9,220.0,1023.0,1.4543055555555555,1.4773148148148147,1.443148148148148,1.4208333333333334,1.4292361111111112,1.3875,1.4265185185185187,1.4156481481481482,1.424398148148148,1.4137962962962964,1.4218386243386243,1.4064814814814812,1.4201620370370371,1.4084259259259255,85990795.77499999,81918931.53999998,84763977.16,82310339.93,85357136.0975,87136612.91,85317298.13799998,85157946.29999998,88113910.69666666,102096973.49,87993730.71571429,87272650.83,89037280.38,96342128.02999996
80316476.08000001,2015-08-16,8,33,3,16,227.0,1016.0,1.4405555555555556,1.4312962962962965,1.4528086419753086,1.4773148148148147,1.4448148148148148,1.4208333333333334,1.4333518518518518,1.3875,1.4304012345679011,1.4156481481481482,1.4280291005291004,1.4137962962962964,1.425335648148148,1.4064814814814812,88170223.57999998,90062660.01,86086459.56666665,81918931.53999998,85142429.6575,82310339.93,85541266.308,87136612.91,85477379.63999999,85157946.29999998,87851607.33285713,102096973.49,87779237.76999998,87272650.83
80668960.03999999,2015-08-23,8,34,4,23,234.0,1009.0,1.4471759259259258,1.449814814814815,1.441882716049383,1.4312962962962965,1.4507407407407409,1.4773148148148147,1.4447592592592593,1.4208333333333334,1.435216049382716,1.3875,1.4324206349206352,1.4156481481481482,1.4300925925925927,1.4137962962962964,83297131.615,86277787.14999998,85552307.74666665,90062660.01,84643963.695,81918931.53999998,84177238.942,82310339.93,84670467.93666667,87136612.91,84740107.70285714,85157946.29999998,86909715.92625,102096973.49
90281613.67,2015-08-30,8,35,5,30,241.0,1002.0,1.4319907407407406,1.4445370370370372,1.437932098765432,1.449814814814815,1.4362731481481483,1.4312962962962965,1.4444814814814817,1.4773148148148147,1.44054012345679,1.4208333333333334,1.4329629629629628,1.3875,1.430798611111111,1.4156481481481482,80492718.06,80316476.08000001,82421074.42333333,86277787.14999998,84331470.82,90062660.01,83848962.96399999,81918931.53999998,83592525.79166667,82310339.93,84098823.95142856,87136612.91,84231214.245,85157946.29999998
84304386.0,2015-09-06,9,36,1,6,248.0,995.0,1.4268981481481482,1.4194444444444445,1.432777777777778,1.4445370370370372,1.4370370370370371,1.449814814814815,1.4358888888888888,1.4312962962962965,1.442793209876543,1.4773148148148147,1.4396560846560846,1.4208333333333334,1.4331365740740742,1.3875,85475286.85499999,80668960.03999999,83755683.26333334,80316476.08000001,84386209.235,86277787.14999998,85521499.39,90062660.01,84921071.41499999,81918931.53999998,84548109.7742857,82310339.93,84871672.66625,87136612.91
79719906.47,2015-09-13,9,37,2,13,255.0,988.0,1.4487962962962966,1.434351851851852,1.4390123456790125,1.4194444444444445,1.4403935185185186,1.4445370370370372,1.4422777777777778,1.449814814814815,1.4404475308641975,1.4312962962962965,1.445714285714286,1.4773148148148147,1.442604166666667,1.4208333333333334,87292999.83500001,90281613.67,85084986.57,80668960.03999999,83892858.9475,80316476.08000001,84369844.588,86277787.14999998,85318647.15833333,90062660.01,84832973.49857141,81918931.53999998,84517644.3025,82310339.93
74912926.91000001,2015-09-20,9,38,3,20,262.0,981.0,1.4556481481481485,1.463240740740741,1.4485493827160496,1.434351851851852,1.4412731481481484,1.4194444444444445,1.441925925925926,1.4445370370370372,1.4432407407407408,1.449814814814815,1.4415343915343917,1.4312962962962965,1.4460069444444446,1.4773148148148147,82012146.235,84304386.0,84768635.38,90281613.67,83743716.545,80668960.03999999,83058268.45199999,80316476.08000001,83594854.90166666,86277787.14999998,84518827.05999999,90062660.01,84193840.12,81918931.53999998
76303428.38,2015-09-27,9,39,4,27,269.0,974.0,1.4494907407407407,1.4480555555555557,1.454074074074074,1.463240740740741,1.4491435185185186,1.434351851851852,1.4432037037037038,1.4194444444444445,1.443425925925926,1.4445370370370372,1.4443386243386247,1.449814814814815,1.4427083333333337,1.4312962962962965,77316416.69,79719906.47,79645739.79333334,84304386.0,82304708.2625,90281613.67,81977558.618,80668960.03999999,81700711.52833334,80316476.08000001,82354579.4742857,86277787.14999998,83318089.54125,90062660.01
78747748.72999999,2015-10-04,10,40,1,4,276.0,967.0,1.4350462962962962,1.4509259259259255,1.4393827160493826,1.4480555555555557,1.4453472222222223,1.463240740740741,1.4431481481481483,1.434351851851852,1.4391975308641978,1.4194444444444445,1.4399603174603175,1.4445370370370372,1.4411921296296295,1.449814814814815,75608177.64500001,74912926.91000001,76978753.92,79719906.47,78810161.94,84304386.0,81104452.286,90281613.67,81031870.245,80668960.03999999,80929671.07857142,80316476.08000001,81598185.58749999,86277787.14999998
79840731.52,2015-10-11,10,41,2,11,283.0,960.0,1.3962500000000002,1.419166666666667,1.4144753086419757,1.4509259259259255,1.4228703703703705,1.4480555555555557,1.4309444444444446,1.463240740740741,1.4315123456790124,1.434351851851852,1.4297883597883598,1.4194444444444445,1.4316319444444443,1.4445370370370372,77525588.55499999,76303428.38,76654701.34,74912926.91000001,77421002.6225,79719906.47,78797679.29800001,84304386.0,80711668.36,90281613.67,80705567.17142856,80668960.03999999,80656930.785,80316476.08000001
70884202.39000002,2015-10-18,10,42,3,18,290.0,953.0,1.3828240740740745,1.3733333333333335,1.3949382716049386,1.419166666666667,1.4089351851851852,1.4509259259259255,1.4167592592592595,1.4480555555555557,1.4245061728395063,1.463240740740741,1.4259126984126984,1.434351851851852,1.4251041666666668,1.4194444444444445,79294240.125,78747748.72999999,78297302.87666667,76303428.38,77451208.885,74912926.91000001,77904948.402,79719906.47,78971521.335,84304386.0,80587248.81142856,90281613.67,80597462.715,80668960.03999999
84649651.22,2015-10-25,10,43,4,25,297.0,946.0,1.3876851851851857,1.3923148148148152,1.3829012345679017,1.3733333333333335,1.391967592592593,1.419166666666667,1.4037592592592596,1.4509259259259255,1.4111419753086425,1.4480555555555557,1.4185846560846562,1.463240740740741,1.4205555555555558,1.434351851851852,75362466.95500001,79840731.52,76490894.21333332,78747748.72999999,76444027.755,76303428.38,76137807.586,74912926.91000001,76734824.06666666,79719906.47,77816190.05714285,84304386.0,79374368.00875,90281613.67
77453080.48,2015-11-01,11,44,1,1,304.0,939.0,1.3439814814814817,1.383055555555556,1.3600925925925926,1.3923148148148152,1.363402777777778,1.3733333333333335,1.3745555555555558,1.419166666666667,1.3872839506172845,1.4509259259259255,1.395965608465609,1.4480555555555557,1.4043750000000002,1.463240740740741,77766926.805,70884202.39000002,78458195.04333334,79840731.52,78530583.465,78747748.72999999,78085152.448,76303428.38,77556448.19166668,74912926.91000001,77865513.66,79719906.47,78670372.7025,84304386.0
77571499.64999999,2015-11-08,11,45,2,8,311.0,932.0,1.3196296296296297,1.3049074074074072,1.340771604938272,1.383055555555556,1.3536574074074077,1.3923148148148152,1.357592592592593,1.3733333333333335,1.367854938271605,1.419166666666667,1.3797222222222223,1.4509259259259255,1.388263888888889,1.4480555555555557,81051365.85,84649651.22,77662311.36333334,70884202.39000002,78206916.4025,79840731.52,78315082.868,78747748.72999999,77979807.12,76303428.38,77541681.37571429,74912926.91000001,77813959.5125,79719906.47
68287415.46000002,2015-11-15,11,46,3,15,318.0,925.0,1.337175925925926,1.334351851851852,1.3264197530864197,1.3049074074074072,1.3405787037037036,1.383055555555556,1.350925925925926,1.3923148148148152,1.3546604938271607,1.3733333333333335,1.3638756613756615,1.419166666666667,1.3747569444444443,1.4509259259259255,77512290.065,77453080.48,79891410.44999999,84649651.22,77639608.435,70884202.39000002,78079833.052,79840731.52,78191152.33166666,78747748.72999999,77921477.48142858,76303428.38,77545408.66,74912926.91000001
61478389.57999999,2015-11-22,11,47,4,22,325.0,918.0,1.3354629629629629,1.3399999999999996,1.3350925925925925,1.334351851851852,1.3275462962962965,1.3049074074074072,1.338648148148148,1.383055555555556,1.347592592592593,1.3923148148148152,1.3512698412698414,1.3733333333333335,1.3597569444444446,1.419166666666667,72929457.555,77571499.64999999,74437331.86333334,77453080.48,76990411.7025,84649651.22,75769169.84,70884202.39000002,76447763.45333333,79840731.52,76776332.77857144,78747748.72999999,76717219.72875,76303428.38
78046589.3,2015-11-29,11,48,5,29,332.0,911.0,1.336898148148148,1.330925925925926,1.337932098765432,1.3399999999999996,1.337037037037037,1.334351851851852,1.3306111111111112,1.3049074074074072,1.339351851851852,1.383055555555556,1.3469179894179897,1.3923148148148152,1.3502199074074075,1.3733333333333335,64882902.52000001,68287415.46000002,69112434.89666666,77571499.64999999,71197596.2925,77453080.48,73888007.27800001,84649651.22,73387373.13000001,70884202.39000002,74309281.47142857,79840731.52,74864089.87875,78747748.72999999
76138429.29,2015-12-06,12,49,1,6,339.0,904.0,1.3160146244375217,1.3428703703703704,1.3209850582669898,1.330925925925926,1.325738793700242,1.3399999999999996,1.3274614053305642,1.334351851851852,1.3237024056767046,1.3049074074074072,1.332181427087969,1.383055555555556,1.3396981005538249,1.3923148148148152,69762489.44,61478389.57999999,69270798.11333334,68287415.46000002,71345973.4975,77571499.64999999,72567394.89400001,77453080.48,74581104.28166668,84649651.22,74052975.44000001,70884202.39000002,74776444.95,79840731.52
68033909.44999999,2015-12-13,12,50,2,13,346.0,897.0,1.2885146244375214,1.2891588785046726,1.3066332064151378,1.3428703703703704,1.312706386292835,1.330925925925926,1.318165109034268,1.3399999999999996,1.3208628995038652,1.334351851851852,1.3185835434900854,1.3049074074074072,1.3266425449982693,1.383055555555556,77092509.295,78046589.3,71887802.72333333,61478389.57999999,70987705.90750001,68287415.46000002,72304464.65599999,77571499.64999999,73162567.29333334,77453080.48,74803579.28285715,84649651.22,74313657.17125,70884202.39000002
73807003.85,2015-12-20,12,51,3,20,353.0,890.0,1.3166203703703705,1.2878703703703704,1.3074665397484708,1.2891588785046726,1.316317497403946,1.3428703703703704,1.319239183108342,1.330925925925926,1.3226993192569516,1.3399999999999996,1.3243639667705087,1.334351851851852,1.321931896850121,1.3049074074074072,72086169.36999999,76138429.29,74072976.01333334,78046589.3,70924329.405,61478389.57999999,70396946.616,68287415.46000002,71592705.455,77571499.64999999,72429901.88714285,77453080.48,73957370.55375001,84649651.22
102877751.64000002,2015-12-27,12,52,4,27,360.0,883.0,1.321898148148148,1.34537037037037,1.3105555555555557,1.2878703703703704,1.3052063862928347,1.2891588785046726,1.312739183108342,1.3428703703703704,1.3157703069112727,1.330925925925926,1.3192316916382336,1.3399999999999996,1.321121711664936,1.334351851851852,70920456.64999998,68033909.44999999,72659780.86333333,76138429.29,74006482.9725,78046589.3,71500864.294,61478389.57999999,70965289.48833333,68287415.46000002,71909033.79714286,77571499.64999999,72602039.6325,77453080.48
95721014.9,2016-01-03,1,53,1,3,367.0,876.0,1.2524074074074076,1.298425925925926,1.2833950617283951,1.34537037037037,1.2845138888888887,1.2878703703703704,1.2854428868120458,1.2891588785046726,1.2950141340717665,1.3428703703703704,1.300144390050932,1.330925925925926,1.3051263412945655,1.3399999999999996,88342377.745,73807003.85,81572888.31333335,68033909.44999999,80214273.5575,76138429.29,79780736.706,78046589.3,76730345.51833333,61478389.57999999,75524212.65285714,68287415.46000002,75780123.5275,77571499.64999999
93191639.17,2016-01-10,1,1,2,10,374.0,869.0,1.2170370370370374,1.2063888888888892,1.2441666666666669,1.298425925925926,1.269467592592593,1.34537037037037,1.273148148148148,1.2878703703703704,1.2758166032075688,1.2891588785046726,1.285395712802255,1.3428703703703704,1.2910869894427135,1.330925925925926,99299383.27,102877751.64000002,90801923.46333332,73807003.85,85109919.96,68033909.44999999,83315621.826,76138429.29,82437449.73833333,78046589.3,79443298.28714286,61478389.57999999,78048812.93375,68287415.46000002
89604944.14000002,2016-01-17,1,2,3,17,381.0,862.0,1.249675925925926,1.227685185185185,1.235246913580247,1.2063888888888892,1.2510416666666668,1.298425925925926,1.2699074074074077,1.34537037037037,1.2729012345679014,1.2878703703703704,1.2752237551302972,1.2891588785046726,1.2836795820353062,1.3428703703703704,94456327.035,95721014.9,97263468.57,102877751.64000002,91399352.39,73807003.85,86726263.802,68033909.44999999,84961624.71666665,76138429.29,83973762.51428571,78046589.3,81161840.8975,61478389.57999999
94010415.73,2016-01-24,1,3,4,24,388.0,855.0,1.2569444444444446,1.271666666666667,1.2471913580246914,1.227685185185185,1.2369907407407408,1.2063888888888892,1.249277777777778,1.298425925925926,1.2652932098765433,1.34537037037037,1.2685185185185186,1.2878703703703704,1.2710985635167875,1.2891588785046726,91398291.655,93191639.17,92839199.40333337,95721014.9,95348837.4625,102877751.64000002,91040470.74,73807003.85,87206043.85833333,68033909.44999999,85624956.06285715,76138429.29,84677660.2175,78046589.3
140490203.55999997,2016-01-31,1,4,5,31,395.0,848.0,1.2475925925925924,1.242222222222222,1.2556172839506174,1.271666666666667,1.2486342592592592,1.227685185185185,1.2401851851851853,1.2063888888888892,1.249891975308642,1.298425925925926,1.263531746031746,1.34537037037037,1.266574074074074,1.2878703703703704,91807679.935,89604944.14000002,92268999.68000002,93191639.17,93132003.485,95721014.9,95081153.116,102877751.64000002,91535461.57166667,73807003.85,88178096.98285714,68033909.44999999,86673138.52125,76138429.29
99093417.32,2016-02-07,2,5,1,7,402.0,841.0,1.2134259259259257,1.2529629629629626,1.2230246913580245,1.242222222222222,1.235185185185185,1.271666666666667,1.233685185185185,1.227685185185185,1.2291358024691357,1.2063888888888892,1.239034391534391,1.298425925925926,1.2523263888888887,1.34537037037037,117250309.64499998,94010415.73,108035187.81,89604944.14000002,104324300.65,93191639.17,102603643.5,95721014.9,102649328.19,102877751.64000002,98528996.14142856,73807003.85,94717110.305,68033909.44999999
89041701.42999999,2016-02-14,2,6,2,14,409.0,834.0,1.2031018518518517,1.1738888888888883,1.219722222222222,1.2529629629629626,1.225347222222222,1.242222222222222,1.234611111111111,1.271666666666667,1.2334567901234563,1.227685185185185,1.229589947089947,1.2063888888888892,1.2381944444444444,1.298425925925926,119791810.43999995,140490203.55999997,111198012.20333332,94010415.73,105799745.1875,89604944.14000002,103278123.984,93191639.17,102018605.80333333,95721014.9,102141340.92285717,102877751.64000002,98599548.78875,73807003.85
100020479.67,2016-02-21,2,7,3,21,416.0,827.0,1.2544907407407409,1.2323148148148149,1.2276234567901232,1.1738888888888883,1.2339583333333333,1.2529629629629626,1.2356111111111108,1.242222222222222,1.2416203703703703,1.271666666666667,1.2396296296296296,1.227685185185185,1.235474537037037,1.2063888888888892,94067559.375,99093417.32,109541774.10333332,140490203.55999997,105658934.51,94010415.73,102448136.436,89604944.14000002,100905386.89166664,93191639.17,100164762.32142857,95721014.9,100503885.98625,102877751.64000002
95552818.53000002,2016-02-28,2,8,4,28,423.0,820.0,1.2711111111111113,1.2766666666666666,1.2581790123456793,1.2323148148148149,1.2371064814814814,1.1738888888888883,1.2402777777777776,1.2529629629629626,1.2406018518518518,1.242222222222222,1.2450396825396826,1.271666666666667,1.2428703703703703,1.227685185185185,94531090.54999998,89041701.42999999,96051866.14,99093417.32,107161450.495,140490203.55999997,104531243.54199998,94010415.73,102043526.975,89604944.14000002,100778971.57428572,93191639.17,100146726.99,95721014.9
98976415.91,2016-03-06,3,9,1,6,430.0,813.0,1.2612500000000002,1.265555555555556,1.266388888888889,1.2766666666666666,1.2578703703703704,1.2323148148148149,1.241074074074074,1.1738888888888883,1.2430555555555556,1.2529629629629626,1.2429365079365078,1.242222222222222,1.2465277777777777,1.271666666666667,97786649.1,100020479.67,94871666.54333334,89041701.42999999,95927104.2375,99093417.32,104839724.10199998,140490203.55999997,103034839.37333332,94010415.73,101116282.91142856,89604944.14000002,100125702.44375,93191639.17
99038657.8,2016-03-13,3,10,2,13,437.0,806.0,1.2269907407407408,1.2569444444444444,1.2398456790123458,1.265555555555556,1.249050925925926,1.2766666666666666,1.2457037037037038,1.2323148148148149,1.2337345679012346,1.1738888888888883,1.2364814814814815,1.2529629629629626,1.237199074074074,1.242222222222222,97264617.22,95552818.53000002,98183238.03666668,100020479.67,95897853.885,89041701.42999999,96536966.572,99093417.32,103862506.07,140490203.55999997,102455064.59285714,94010415.73,100848799.53625,89604944.14000002
97644516.04,2016-03-20,3,11,3,20,444.0,799.0,1.197361111111111,1.1970370370370371,1.2172222222222222,1.2569444444444444,1.2293055555555557,1.265555555555556,1.2387777777777778,1.2766666666666666,1.2377006172839506,1.2323148148148149,1.228584656084656,1.1738888888888883,1.2316319444444443,1.2529629629629626,99007536.855,98976415.91,97855964.08000004,95552818.53000002,98397092.9775,100020479.67,96526014.668,89041701.42999999,96953915.11,99093417.32,103173384.88857144,140490203.55999997,102028013.74375,94010415.73
91599118.68,2016-03-27,3,12,4,27,451.0,792.0,1.221435185185185,1.197685185185185,1.2133024691358023,1.1970370370370371,1.2242129629629628,1.2569444444444444,1.2324814814814815,1.265555555555556,1.2398456790123458,1.2766666666666666,1.2387698412698411,1.2323148148148149,1.2306597222222222,1.1738888888888883,98341586.92,99038657.8,98553196.58333336,98976415.91,97803102.07,95552818.53000002,98246577.59,100020479.67,96712431.56333332,89041701.42999999,97052572.38571428,99093417.32,102482276.2825,140490203.55999997
100018260.8,2016-04-03,4,13,1,3,458.0,785.0,1.2402777777777778,1.2451851851851852,1.22608024691358,1.197685185185185,1.2188194444444445,1.1970370370370371,1.2264444444444444,1.2569444444444444,1.232962962962963,1.265555555555556,1.2392063492063492,1.2766666666666666,1.2383449074074075,1.2323148148148149,94621817.36,97644516.04,96094097.50666666,99038657.8,96814677.1075,98976415.91,96562305.392,95552818.53000002,97138667.77166666,100020479.67,95981958.2942857,89041701.42999999,96370890.6725,99093417.32
101486447.03,2016-04-10,4,14,2,10,465.0,778.0,1.2045833333333331,1.2353703703703705,1.2181172839506174,1.2451851851851852,1.2130092592592592,1.197685185185185,1.209814814814815,1.1970370370370371,1.2176697530864198,1.2569444444444444,1.2245105820105822,1.265555555555556,1.2310300925925928,1.2766666666666666,95808689.74,91599118.68,96420631.84000002,97644516.04,97075138.33,99038657.8,97455393.846,98976415.91,97138297.96,95552818.53000002,97550038.20428573,100020479.67,96486496.1075,89041701.42999999
108728925.28,2016-04-17,4,15,3,17,472.0,771.0,1.1975462962962964,1.1737962962962962,1.2101543209876544,1.2353703703703705,1.218912037037037,1.2451851851851852,1.2146666666666666,1.197685185185185,1.2117283950617284,1.1970370370370371,1.2181878306878309,1.2569444444444444,1.2241087962962962,1.265555555555556,100752353.915,100018260.8,97701275.50333332,91599118.68,97687085.6375,97644516.04,97957400.07,99038657.8,98127236.04333334,98976415.91,97759462.11285712,95552818.53000002,98042089.3075,100020479.67
117282901.19,2016-04-24,4,16,4,24,479.0,764.0,1.205462962962963,1.2212962962962963,1.1949074074074073,1.1737962962962962,1.205023148148148,1.2353703703703705,1.2130555555555556,1.2451851851851852,1.2104938271604937,1.197685185185185,1.2085714285714286,1.1970370370370371,1.2146180555555557,1.2569444444444444,105107686.155,101486447.03,103411211.03666668,100018260.8,100458187.9475,91599118.68,99895453.566,97644516.04,99752654.27166666,99038657.8,99641763.07714283,98976415.91,99130645.00875,95552818.53000002
126105077.55,2016-05-01,5,17,1,1,486.0,757.0,1.1766666666666667,1.1896296296296298,1.1915432098765433,1.2212962962962963,1.1871064814814816,1.1737962962962962,1.1967592592592593,1.2353703703703705,1.2048302469135803,1.2451851851851852,1.2038095238095237,1.197685185185185,1.202962962962963,1.1970370370370371,113005913.23499998,108728925.28,109166091.16666669,101486447.03,106879133.575,100018260.8,103823130.596,91599118.68,102793361.50333332,97644516.04,102256975.26,99038657.8,101846905.34125,98976415.91
108313421.96,2016-05-08,5,18,2,8,493.0,750.0,1.156111111111111,1.1637037037037037,1.1672839506172838,1.1896296296296298,1.180787037037037,1.2212962962962963,1.1793888888888888,1.1737962962962962,1.1887191358024691,1.2353703703703705,1.1967857142857146,1.2451851851851852,1.1968981481481482,1.197685185185185,121693989.37,117282901.19,117372301.34000002,108728925.28,113400837.7625,101486447.03,110724322.37,100018260.8,107536788.42166668,91599118.68,106123606.65285714,97644516.04,105237988.04625,99038657.8
100630740.90000002,2016-05-15,5,19,3,15,500.0,743.0,1.1821759259259257,1.1485185185185185,1.1760185185185186,1.1637037037037037,1.1794212962962962,1.1896296296296298,1.1877962962962962,1.2212962962962963,1.185462962962963,1.1737962962962962,1.1925925925925926,1.2353703703703705,1.1991666666666667,1.2451851851851852,117209249.755,126105077.55,117233800.23333336,117282901.19,115107581.495,108728925.28,112383354.602,101486447.03,110322505.635,100018260.8,107647736.07,91599118.68,106397333.56625,97644516.04
108898388.97,2016-05-22,5,20,4,22,507.0,736.0,1.2202314814814816,1.215833333333333,1.1963271604938273,1.1485185185185185,1.1881712962962965,1.1637037037037037,1.188462962962963,1.1896296296296298,1.1939351851851854,1.2212962962962963,1.1910582010582011,1.1737962962962962,1.1965972222222223,1.2353703703703705,104472081.43,108313421.96,111683080.1366667,126105077.55,113083035.4,117282901.19,112212213.37600002,108728925.28,110424585.65166669,101486447.03,108937967.81571428,100018260.8,106770611.67375,91599118.68
109265949.86999996,2016-05-29,5,21,5,29,514.0,729.0,1.235277777777778,1.2246296296296302,1.2287962962962966,1.215833333333333,1.208726851851852,1.1485185185185185,1.1997222222222224,1.1637037037037037,1.19804012345679,1.1896296296296298,1.2013624338624338,1.2212962962962963,1.1979166666666667,1.1737962962962962,104764564.93500002,100630740.90000002,105947517.2766667,108313421.96,110986907.345,126105077.55,112246106.114,117282901.19,111659909.30833334,108728925.28,110206557.55428572,101486447.03,108933020.46,100018260.8
96730957.22,2016-06-05,6,22,1,5,521.0,722.0,1.2443055555555556,1.245925925925926,1.2377469135802472,1.2246296296296302,1.2322685185185187,1.215833333333333,1.2155185185185189,1.1485185185185185,1.206882716049383,1.1637037037037037,1.2044179894179894,1.1896296296296298,1.2065277777777776,1.2212962962962963,109082169.42,108898388.97,106265026.58,100630740.90000002,106777125.425,108313421.96,110642715.85,126105077.55,111749413.40666668,117282901.19,111317915.10285714,108728925.28,110088981.59375,101486447.03
104560013.89999998,2016-06-12,6,23,2,12,528.0,715.0,1.2718055555555556,1.2426851851851854,1.263179012345679,1.245925925925926,1.2535416666666668,1.2246296296296302,1.246,1.215833333333333,1.229753086419753,1.1485185185185185,1.2203174603174605,1.1637037037037037,1.2164814814814815,1.1896296296296298,102998453.545,109265949.86999996,104965098.68666668,108898388.97,103881509.24,100630740.90000002,104767891.784,108313421.96,108324089.41166668,126105077.55,109603919.6657143,117282901.19,109494545.3675,108728925.28
99771233.09,2016-06-19,6,24,3,19,535.0,708.0,1.2893518518518516,1.3009259259259258,1.273796296296296,1.2426851851851854,1.2668287037037036,1.245925925925926,1.258388888888889,1.2246296296296302,1.2512962962962964,1.215833333333333,1.2366137566137567,1.1485185185185185,1.2275,1.1637037037037037,100645485.56,96730957.22,103518973.66333333,109265949.86999996,104863827.49,108898388.97,104017210.172,100630740.90000002,104733245.46999998,108313421.96,107786364.33857144,126105077.55,108973431.445,117282901.19
108538389.03,2016-06-26,6,25,4,26,542.0,701.0,1.2943055555555554,1.2777777777777777,1.2965123456790122,1.3009259259259258,1.2830555555555554,1.2426851851851854,1.2756296296296294,1.245925925925926,1.2671296296296295,1.2246296296296302,1.2598015873015875,1.215833333333333,1.2458912037037038,1.1485185185185185,102165623.49499996,104560013.89999998,100354068.07,96730957.22,102582038.51999998,109265949.86999996,103845308.60999998,108898388.97,103309547.325,100630740.90000002,104024386.55857144,108313421.96,106784472.9325,126105077.55
96812968.16,2016-07-03,7,26,1,3,549.0,694.0,1.3027777777777778,1.3108333333333333,1.2944444444444445,1.2777777777777777,1.2960648148148148,1.3009259259259258,1.285388888888889,1.2426851851851854,1.2788117283950615,1.245925925925926,1.2710714285714286,1.2246296296296302,1.2641666666666669,1.215833333333333,104154811.06,99771233.09,104289878.67333332,104560013.89999998,102400148.31,96730957.22,103773308.62199998,109265949.86999996,104627488.68,108898388.97,104056524.71142855,100630740.90000002,104588636.8675,108313421.96
88948059.22,2016-07-10,7,27,2,10,556.0,687.0,1.3239814814814814,1.2947222222222223,1.3195987654320986,1.3108333333333333,1.3091435185185183,1.2777777777777777,1.3075,1.3009259259259258,1.2966975308641977,1.2426851851851854,1.2894444444444442,1.245925925925926,1.2813425925925928,1.2246296296296302,102675678.595,108538389.03,101707530.09333336,99771233.09,102420651.045,104560013.89999998,101282712.28,96730957.22,102613251.87833332,109265949.86999996,103511128.60571428,108898388.97,103151080.1425,100630740.90000002
87954827.79,2016-07-17,7,28,3,17,563.0,680.0,1.390648148148148,1.3532407407407403,1.358672839506173,1.2947222222222223,1.3467129629629628,1.3108333333333333,1.3329259259259258,1.2777777777777777,1.3275925925925924,1.3009259259259258,1.3154629629629628,1.2426851851851854,1.3067708333333332,1.245925925925926,92880513.69,96812968.16,98099805.47,108538389.03,98517662.375,99771233.09,99726132.68,104560013.89999998,99226936.77,96730957.22,100661081.49857144,109265949.86999996,101690744.9325,108898388.97
85021100.03,2016-07-24,7,29,4,24,570.0,673.0,1.4551851851851851,1.4280555555555552,1.4212037037037035,1.3532407407407403,1.3895833333333334,1.2947222222222223,1.3738333333333332,1.3108333333333333,1.357824074074074,1.2777777777777777,1.349695767195767,1.3009259259259258,1.3363194444444444,1.2426851851851854,88451443.505,88948059.22,91238618.39000005,96812968.16,95563561.05,108538389.03,96405095.458,99771233.09,97764248.53166664,104560013.89999998,97616635.48714285,96730957.22,99072799.785,109265949.86999996
92237038.48,2016-07-31,7,30,5,31,577.0,666.0,1.4653240740740745,1.4823148148148149,1.452901234567901,1.4280555555555552,1.427986111111111,1.3532407407407403,1.401333333333333,1.2947222222222223,1.3862499999999998,1.3108333333333333,1.3707539682539682,1.2777777777777777,1.3620254629629631,1.3009259259259258,86487963.91,87954827.79,87307995.68,88948059.22,89684238.80000001,96812968.16,93455068.846,108538389.03,94507762.88666666,99771233.09,95943798.74571428,104560013.89999998,96042193.555,96730957.22
93969046.73,2016-08-07,8,31,1,7,584.0,659.0,1.432175925925926,1.4483333333333337,1.4488888888888891,1.4823148148148149,1.4436805555555554,1.4280555555555552,1.4255925925925923,1.3532407407407403,1.403780864197531,1.2947222222222223,1.3905026455026452,1.3108333333333333,1.376412037037037,1.2777777777777777,88629069.255,85021100.03,88404322.10000001,87954827.79,88540256.38,88948059.22,90194798.73600002,96812968.16,93252063.785,108538389.03,94183373.68571427,99771233.09,95480453.7125,104560013.89999998
91842161.95000002,2016-08-14,8,32,2,14,591.0,652.0,1.4174537037037036,1.4160185185185186,1.427746913580247,1.4483333333333337,1.441388888888889,1.4823148148148149,1.438722222222222,1.4280555555555552,1.4244753086419752,1.3532407407407403,1.4059391534391532,1.2947222222222223,1.394050925925926,1.3108333333333333,93103042.605,92237038.48,90409061.74666668,85021100.03,89795503.2575,87954827.79,89626014.45,88948059.22,90823840.06833334,96812968.16,93354489.92,108538389.03,94156582.81625,99771233.09
92748719.82,2016-08-21,8,33,3,21,598.0,645.0,1.4172685185185183,1.4188888888888886,1.4168518518518518,1.4160185185185186,1.424722222222222,1.4483333333333337,1.4362407407407407,1.4823148148148149,1.4348765432098765,1.4280555555555552,1.4232142857142858,1.3532407407407403,1.4071527777777777,1.2947222222222223,92905604.34,93969046.73,92682749.05333334,92237038.48,90767336.7975,85021100.03,90204834.996,87954827.79,89995372.36666667,88948059.22,90969314.62285714,96812968.16,93165448.92375,108538389.03
101068242.82,2016-08-28,8,34,4,28,605.0,638.0,1.404768518518518,1.415648148148148,1.409475308641975,1.4188888888888886,1.411111111111111,1.4160185185185186,1.4185555555555551,1.4483333333333337,1.429182098765432,1.4823148148148149,1.429021164021164,1.4280555555555552,1.4195486111111109,1.3532407407407403,92295440.885,91842161.95000002,92853309.5,93969046.73,92699241.745,92237038.48,91163613.402,85021100.03,90628815.8,87954827.79,90388707.71714284,88948059.22,91191740.2725,96812968.16
93593312.25,2016-09-04,9,35,1,4,612.0,631.0,1.3829629629629627,1.3938888888888885,1.393858024691358,1.415648148148148,1.4001157407407407,1.4188888888888886,1.4032962962962965,1.4160185185185186,1.4108024691358023,1.4483333333333337,1.4210185185185185,1.4823148148148149,1.421898148148148,1.4280555555555552,96908481.32,92748719.82,95219708.19666667,91842161.95000002,94907042.83,93969046.73,94373041.96,92237038.48,92814384.97166668,85021100.03,92120162.51714286,87954827.79,91723649.605,88948059.22
85043719.64999999,2016-09-11,9,36,2,11,619.0,624.0,1.3644444444444443,1.372037037037037,1.374259259259259,1.3938888888888885,1.3846064814814814,1.415648148148148,1.391462962962963,1.4188888888888886,1.3955555555555554,1.4160185185185186,1.4030952380952382,1.4483333333333337,1.412997685185185,1.4823148148148149,97330777.535,101068242.82,95803424.96333335,92748719.82,94813109.21,91842161.95000002,94644296.71400002,93969046.73,94243087.00833333,92237038.48,92925660.29714286,85021100.03,92304306.23375,87954827.79
82598000.76,2016-09-18,9,37,3,18,626.0,617.0,1.4025,1.3568518518518518,1.3923456790123456,1.372037037037037,1.3927314814814815,1.3938888888888885,1.397314814814815,1.415648148148148,1.4009104938271604,1.4188888888888886,1.403068783068783,1.4160185185185186,1.4087268518518516,1.4483333333333337,89318515.95,93593312.25,93235091.57333334,101068242.82,93113498.635,92748719.82,92859231.298,91842161.95000002,93044200.53666668,93969046.73,92928891.67142856,92237038.48,91940417.71625,85021100.03
80911801.60999998,2016-09-25,9,38,4,25,633.0,610.0,1.4912962962962963,1.4481481481481482,1.4464814814814817,1.3568518518518518,1.4278703703703703,1.372037037037037,1.421074074074074,1.3938888888888885,1.4201697530864197,1.415648148148148,1.4199867724867723,1.4188888888888886,1.4194907407407409,1.4160185185185186,83820860.205,85043719.64999999,87078344.22000001,93593312.25,90575818.87,101068242.82,91010399.06,92748719.82,91149026.20833331,91842161.95000002,91551886.28285716,93969046.73,91637530.3075,92237038.48
78861094.66,2016-10-02,10,39,1,2,640.0,603.0,1.5548611111111112,1.5344444444444445,1.5192901234567902,1.4481481481481482,1.4786805555555556,1.3568518518518518,1.4573518518518518,1.372037037037037,1.4467746913580246,1.3938888888888885,1.4423280423280425,1.415648148148148,1.439398148148148,1.4188888888888886,81754901.185,82598000.76,82851174.00666668,85043719.64999999,85536708.5675,93593312.25,88643015.418,101068242.82,89327299.485,92748719.82,89686565.55142857,91842161.95000002,90221875.69875,93969046.73
75891937.64,2016-10-09,10,40,2,9,647.0,596.0,1.5291203703703706,1.5752777777777778,1.5308950617283952,1.5344444444444445,1.5102083333333334,1.4481481481481482,1.479537037037037,1.3568518518518518,1.4616203703703703,1.372037037037037,1.4519444444444445,1.3938888888888885,1.4474074074074073,1.415648148148148,79886448.13499999,80911801.60999998,80790299.01,82598000.76,81853654.16999999,85043719.64999999,84201585.78599998,93593312.25,87012695.29166667,101068242.82,87832127.36714284,92748719.82,88333381.69,91842161.95000002
67376301.67,2016-10-16,10,41,3,16,654.0,589.0,1.483703703703704,1.4829629629629633,1.5142283950617286,1.5752777777777778,1.5192824074074074,1.5344444444444445,1.5050555555555558,1.4481481481481482,1.4803549382716048,1.3568518518518518,1.4648809523809525,1.372037037037037,1.4560069444444446,1.3938888888888885,77376516.15,78861094.66,78554944.63666667,80911801.60999998,79565708.6675,82598000.76,80661310.864,85043719.64999999,82816644.42833333,93593312.25,85424015.62714286,101068242.82,86339603.65124999,92748719.82
57160668.7,2016-10-23,10,42,4,23,661.0,582.0,1.5125925925925927,1.484444444444445,1.502716049382716,1.4829629629629633,1.5208564814814816,1.5752777777777778,1.5235740740740742,1.5344444444444445,1.511003086419753,1.4481481481481482,1.4889814814814817,1.3568518518518518,1.474363425925926,1.372037037037037,71634119.655,75891937.64,74043111.32333334,78861094.66,75760283.895,80911801.60999998,77127827.268,82598000.76,78447142.665,85043719.64999999,80610881.17714286,93593312.25,83168051.38250001,101068242.82
61805515.38999999,2016-10-30,10,43,5,30,668.0,575.0,1.6213888888888888,1.5407407407407407,1.5757407407407409,1.484444444444445,1.5525462962962964,1.4829629629629633,1.5570925925925927,1.5752777777777778,1.553317901234568,1.5344444444444445,1.5382936507936509,1.4481481481481482,1.515613425925926,1.3568518518518518,62268485.185,67376301.67,66809636.00333334,75891937.64,69822500.6675,78861094.66,72040360.856,80911801.60999998,73799967.50666668,82598000.76,75406217.81285714,85043719.64999999,77679604.61749999,93593312.25
66194995.40999999,2016-11-06,11,44,1,6,675.0,568.0,1.6607407407407409,1.702037037037037,1.6207407407407406,1.5407407407407407,1.586666666666667,1.484444444444445,1.565925925925926,1.4829629629629633,1.5674845679012346,1.5752777777777778,1.5627645502645504,1.5344444444444445,1.5484375,1.4481481481481482,59483092.045,57160668.7,62114161.92000001,67376301.67,65558605.85,75891937.64,68219103.612,78861094.66,70334553.27833332,80911801.60999998,72086474.34714286,82598000.76,73706130.00999999,85043719.64999999
69054332.0,2016-11-13,11,45,2,13,682.0,561.0,1.6019444444444444,1.619444444444445,1.635308641975309,1.702037037037037,1.6116666666666666,1.5407407407407407,1.5862222222222224,1.484444444444445,1.5690123456790124,1.4829629629629633,1.5699074074074075,1.5752777777777778,1.565474537037037,1.5344444444444445,64000255.39999999,61805515.38999999,61720393.16666666,57160668.7,63134370.2925,67376301.67,65685883.762,75891937.64,67881752.24499999,78861094.66,69743187.86857142,80911801.60999998,71350039.48,82598000.76
63154493.89999999,2016-11-20,11,46,3,20,689.0,554.0,1.5420833333333333,1.5844444444444443,1.5678703703703702,1.619444444444445,1.601412037037037,1.702037037037037,1.5892777777777778,1.5407407407407407,1.5718055555555557,1.484444444444445,1.5591137566137567,1.4829629629629633,1.5611342592592594,1.5752777777777778,67624663.705,66194995.40999999,65684947.6,61805515.38999999,63553877.87499999,57160668.7,64318362.63399999,67376301.67,66247291.801666655,75891937.64,68049263.63857143,78861094.66,69657080.88499999,80911801.60999998
85850834.42,2016-11-27,11,47,4,27,696.0,547.0,1.498101851851852,1.4997222222222222,1.5268827160493827,1.5844444444444443,1.550023148148148,1.619444444444445,1.580425925925926,1.702037037037037,1.573811728395062,1.5407407407407407,1.5610449735449734,1.484444444444445,1.5512847222222224,1.4829629629629633,66104412.95,69054332.0,66134607.10333333,66194995.40999999,65052334.175,61805515.38999999,63474001.08,57160668.7,64124384.511666656,67376301.67,65805463.52999999,75891937.64,67437417.42125,78861094.66
82299998.15999998,2016-12-04,12,48,1,4,703.0,540.0,1.432824074074074,1.4964814814814815,1.4551234567901234,1.4997222222222222,1.4874537037037037,1.5844444444444443,1.5138518518518518,1.619444444444445,1.5452160493827158,1.702037037037037,1.5445767195767195,1.5407407407407407,1.5370601851851853,1.484444444444445,74502664.16,63154493.89999999,72686553.44000001,69054332.0,71063663.9325,66194995.40999999,69212034.224,61805515.38999999,67203473.30333333,57160668.7,67228163.07,67376301.67,68311134.89125,75891937.64
80731105.12999998,2016-12-11,12,49,2,11,710.0,533.0,1.338472222222222,1.3691666666666664,1.391141975308642,1.4964814814814815,1.4182870370370368,1.4997222222222222,1.4515185185185184,1.5844444444444443,1.479506172839506,1.619444444444445,1.511296296296296,1.702037037037037,1.5149768518518518,1.5407407407407407,84075416.28999999,85850834.42,77101775.49333334,63154493.89999999,75089914.61999999,69054332.0,73310930.778,66194995.40999999,71393361.54666665,61805515.38999999,69360119.71142855,57160668.7,69112142.45625,67376301.67
82565814.17000002,2016-12-18,12,50,3,18,717.0,526.0,1.2924537037037036,1.3077777777777777,1.3180246913580245,1.3691666666666664,1.3626388888888887,1.4964814814814815,1.3900555555555554,1.4997222222222222,1.4224537037037035,1.5844444444444443,1.450595238095238,1.619444444444445,1.482025462962963,1.702037037037037,81515551.64499998,82299998.15999998,82960645.90333334,85850834.42,78009107.90249999,63154493.89999999,76218152.72199997,69054332.0,74547626.50333332,66194995.40999999,72727324.91571428,61805515.38999999,70781492.88874999,57160668.7
104448497.04,2016-12-25,12,51,4,25,724.0,519.0,1.2935185185185183,1.2771296296296295,1.2982716049382714,1.3077777777777777,1.3159953703703702,1.3691666666666664,1.3520925925925924,1.4964814814814815,1.376697530864197,1.4997222222222222,1.406375661375661,1.5844444444444443,1.4330092592592594,1.619444444444445,81648459.65,80731105.12999998,81865639.15333334,82299998.15999998,82861937.97,85850834.42,78920449.15599999,63154493.89999999,77276096.29666667,69054332.0,75693081.8842857,66194995.40999999,73957136.07249999,61805515.38999999
103435109.76,2017-01-01,1,52,1,1,731.0,512.0,1.2932870370370368,1.3099074074074073,1.287901234567901,1.2771296296296295,1.29287037037037,1.3077777777777777,1.3081296296296294,1.3691666666666664,1.3395216049382714,1.4964814814814815,1.3624074074074073,1.4997222222222222,1.390162037037037,1.5844444444444443,93507155.605,82565814.17000002,89248472.11333333,80731105.12999998,87511353.625,82299998.15999998,87179249.784,85850834.42,83175123.80333333,63154493.89999999,81157867.83142856,69054332.0,79287508.77874999,66194995.40999999
103836812.58,2017-01-08,1,1,2,8,738.0,505.0,1.2855555555555556,1.2766666666666666,1.2936728395061727,1.3099074074074073,1.289537037037037,1.2771296296296295,1.2931851851851852,1.3077777777777777,1.3058487654320987,1.3691666666666664,1.3330820105820105,1.4964814814814815,1.3539120370370368,1.4997222222222222,103941803.4,104448497.04,96816473.65666668,82565814.17000002,92795131.525,80731105.12999998,90696104.852,82299998.15999998,89888559.77999999,85850834.42,86069407.51142856,63154493.89999999,83942523.07249999,69054332.0
114737677.21,2017-01-15,1,2,3,15,745.0,498.0,1.3065277777777775,1.2944444444444445,1.296574074074074,1.2766666666666666,1.2999074074074073,1.3099074074074073,1.295351851851852,1.2771296296296295,1.2974228395061729,1.3077777777777777,1.3076719576719575,1.3691666666666664,1.331273148148148,1.4964814814814815,103635961.17,103435109.76,103906806.46,104448497.04,98571558.3875,82565814.17000002,95003467.736,80731105.12999998,92886222.80666666,82299998.15999998,91881167.32285714,85850834.42,88290333.145,63154493.89999999
106874936.82,2017-01-22,1,3,4,22,752.0,491.0,1.2709259259259258,1.3186111111111112,1.2787654320987654,1.2944444444444445,1.2782407407407406,1.2766666666666666,1.284574074074074,1.3099074074074073,1.2833333333333332,1.2771296296296295,1.2868253968253969,1.3077777777777777,1.2971180555555557,1.3691666666666664,109287244.895,103836812.58,107336533.18333337,103435109.76,106614524.1475,104448497.04,101804782.152,82565814.17000002,98292502.64833333,80731105.12999998,96007859.15,82299998.15999998,94738231.05875,85850834.42
164405012.56,2017-01-29,1,4,5,29,759.0,484.0,1.2488888888888887,1.2232407407407406,1.2721296296296296,1.3186111111111112,1.2777083333333334,1.2944444444444445,1.2775,1.2766666666666666,1.2829012345679012,1.3099074074074073,1.2820767195767195,1.2771296296296295,1.2852893518518518,1.3077777777777777,110806307.01500002,114737677.21,108483142.20333336,103836812.58,107221134.09250002,103435109.76,106666606.682,104448497.04,102649807.93,82565814.17000002,99518564.67285714,80731105.12999998,97366243.85875,82299998.15999998
111793336.11,2017-02-05,2,5,1,5,766.0,477.0,1.2096296296296298,1.274537037037037,1.2141666666666666,1.2232407407407406,1.2402777777777778,1.3186111111111112,1.2511111111111113,1.2944444444444445,1.2553703703703705,1.2766666666666666,1.2631613756613758,1.3099074074074073,1.2649074074074074,1.2771296296296295,135639974.69,106874936.82,128672542.19666667,114737677.21,122463609.7925,103836812.58,118657909.786,103435109.76,116289674.32833332,104448497.04,111471980.02,82565814.17000002,107629370.65875,80731105.12999998
93821423.42,2017-02-12,2,6,2,12,773.0,470.0,1.174351851851852,1.1447222222222224,1.207746913580247,1.274537037037037,1.2116203703703703,1.2232407407407406,1.2330185185185183,1.3186111111111112,1.2432561728395062,1.2944444444444445,1.2480291005291009,1.2766666666666666,1.255763888888889,1.3099074074074073,138099174.33500004,164405012.56,127691095.16333334,106874936.82,124452740.675,114737677.21,120329555.056,103836812.58,117513814.17333336,103435109.76,115647340.29714286,104448497.04,111512149.53125,82565814.17000002
101447427.75,2017-02-19,2,7,3,19,780.0,463.0,1.2366666666666668,1.2039814814814815,1.2060185185185188,1.1447222222222224,1.2231481481481483,1.274537037037037,1.2231666666666667,1.2232407407407406,1.2390740740740742,1.3186111111111112,1.246984126984127,1.2944444444444445,1.2506944444444443,1.2766666666666666,102807379.76500002,111793336.11,123339924.03000002,164405012.56,119223677.2275,106874936.82,118326477.224,114737677.21,115911533.11666667,103836812.58,114129186.92285717,103435109.76,112919100.6875,104448497.04
93528301.73,2017-02-26,2,8,4,26,787.0,456.0,1.2552314814814816,1.269351851851852,1.238148148148148,1.2039814814814815,1.2147916666666667,1.1447222222222224,1.226740740740741,1.274537037037037,1.2261574074074073,1.2232407407407406,1.2393650793650792,1.3186111111111112,1.24625,1.2944444444444445,97634425.585,93821423.42,102354062.42666668,111793336.11,117866799.96,164405012.56,115668427.332,106874936.82,115513302.31166668,114737677.21,113845232.35,103836812.58,112543967.02625,103435109.76
88180102.26,2017-03-05,3,9,1,5,794.0,449.0,1.2642592592592592,1.2411111111111108,1.2659567901234567,1.269351851851852,1.2504629629629629,1.2039814814814815,1.2293148148148147,1.1447222222222224,1.236851851851852,1.274537037037037,1.2349074074074071,1.2232407407407406,1.2453703703703705,1.3186111111111112,97487864.74,101447427.75,96265717.63333333,93821423.42,100147622.2525,111793336.11,112999100.31399998,164405012.56,111978406.39833333,106874936.82,112372587.94285716,114737677.21,111305616.0225,103836812.58
86991452.19000001,2017-03-12,3,10,2,12,801.0,442.0,1.3617592592592591,1.2874074074074076,1.321543209876543,1.2411111111111108,1.3084953703703703,1.269351851851852,1.2875925925925924,1.2039814814814815,1.2637808641975308,1.1447222222222224,1.2653174603174604,1.274537037037037,1.2600578703703704,1.2232407407407406,90854201.995,93528301.73,94385277.24666668,101447427.75,94244313.79,93821423.42,97754118.254,111793336.11,108862600.63833334,164405012.56,108578648.6642857,106874936.82,109348527.2325,114737677.21
90203525.57,2017-03-19,3,11,3,19,808.0,435.0,1.4521296296296295,1.436111111111111,1.397222222222222,1.2874074074074076,1.3581944444444445,1.2411111111111108,1.340425925925926,1.269351851851852,1.3176851851851852,1.2039814814814815,1.2929761904761905,1.1447222222222224,1.2906712962962965,1.274537037037037,87585777.22500002,88180102.26,89566618.72666669,93528301.73,92536820.98250002,101447427.75,92793741.47,93821423.42,95960340.57666668,111793336.11,105738150.86,164405012.56,105880249.105,106874936.82
95078332.24,2017-03-26,3,12,4,26,815.0,428.0,1.4361111111111111,1.4681481481481484,1.4361111111111111,1.436111111111111,1.3989351851851852,1.2874074074074076,1.3673703703703703,1.2411111111111108,1.351033950617284,1.269351851851852,1.3300264550264551,1.2039814814814815,1.306863425925926,1.1447222222222224,88597488.88000003,86991452.19000001,88458360.00666668,88180102.26,89725845.4375,93528301.73,92070161.9,101447427.75,92362038.82,93821423.42,95137938.43285714,111793336.11,103796322.69875,164405012.56
95532340.5,2017-04-02,4,13,1,2,822.0,421.0,1.426064814814815,1.4040740740740745,1.4400925925925927,1.4681481481481484,1.4390972222222222,1.436111111111111,1.4087592592592593,1.2874074074074076,1.380817901234568,1.2411111111111108,1.3648941798941798,1.269351851851852,1.3447800925925926,1.2039814814814815,92640928.90500002,90203525.57,90757770.0,86991452.19000001,90113353.065,88180102.26,90796342.798,93528301.73,92571523.62333332,101447427.75,92750080.73714285,93821423.42,95130487.65875,111793336.11
96967237.09,2017-04-09,4,14,2,9,829.0,414.0,1.4569907407407408,1.4480555555555554,1.4393518518518518,1.4040740740740745,1.4465509259259262,1.4681481481481484,1.444462962962963,1.436111111111111,1.418287037037037,1.2874074074074076,1.3929761904761906,1.2411111111111108,1.3775231481481482,1.269351851851852,95305336.37000003,95078332.24,93604732.77000004,90203525.57,91951412.625,86991452.19000001,91197150.55200002,88180102.26,91585675.74833332,93528301.73,92994497.46285714,101447427.75,93097863.2075,93821423.42
97520908.63,2017-04-16,4,15,3,16,836.0,407.0,1.4853703703703705,1.465925925925926,1.4729320987654322,1.4480555555555554,1.4557175925925927,1.4040740740740745,1.458203703703704,1.4681481481481484,1.4545216049382717,1.436111111111111,1.430648148148148,1.2874074074074076,1.4069560185185186,1.2411111111111108,96249788.79500002,95532340.5,95859303.27666669,95078332.24,94445358.85,90203525.57,92954577.518,86991452.19000001,92158831.64166668,88180102.26,92354470.2257143,93528301.73,93491089.91625,101447427.75
104715711.07999998,2017-04-23,4,16,4,23,843.0,400.0,1.5242592592592592,1.5048148148148146,1.5048148148148146,1.465925925925926,1.490625,1.4480555555555554,1.473314814814815,1.4040740740740745,1.4724537037037038,1.4681481481481484,1.4672619047619049,1.436111111111111,1.4447800925925929,1.2874074074074076,97244072.86,96967237.09,96673495.40666668,95532340.5,96274704.615,95078332.24,95060468.806,90203525.57,93715632.70333332,86991452.19000001,92924842.64,88180102.26,93000275.02625,93528301.73
128924334.3,2017-04-30,4,17,5,30,850.0,393.0,1.5471296296296295,1.5437037037037038,1.533024691358025,1.5048148148148146,1.51625,1.465925925925926,1.5026111111111111,1.4480555555555554,1.4861882716049382,1.4040740740740745,1.483611111111111,1.4681481481481484,1.4776736111111113,1.436111111111111,101118309.85500002,97520908.63,99734618.93333334,96967237.09,98684049.325,95532340.5,97962905.908,95078332.24,96669675.85166667,90203525.57,95287072.4714286,86991452.19000001,94398701.195,88180102.26
100860762.99,2017-05-07,5,18,1,7,857.0,386.0,1.5061111111111112,1.5505555555555557,1.5186419753086422,1.5437037037037038,1.5151851851851852,1.5048148148148146,1.5053333333333334,1.465925925925926,1.4957870370370372,1.4480555555555554,1.4826851851851852,1.4040740740740745,1.4808680555555556,1.4681481481481484,116820022.69,104715711.07999998,110386984.67000002,97520908.63,107032047.775,96967237.09,104732106.32,95532340.5,103123143.97333334,95078332.24,101277484.20142856,90203525.57,99491730.2,86991452.19000001
94357411.08,2017-05-14,5,19,2,14,864.0,379.0,1.495,1.4616666666666664,1.5135185185185185,1.5505555555555557,1.521064814814815,1.5437037037037038,1.5178148148148147,1.5048148148148146,1.5091666666666663,1.465925925925926,1.5004365079365078,1.4480555555555554,1.4883912037037037,1.4040740740740745,114892548.64500004,128924334.3,111500269.4566667,104715711.07999998,108005429.25,97520908.63,105797790.818,96967237.09,104086882.43166669,95532340.5,102799946.69,95078332.24,101225394.05,90203525.57
101588033.24,2017-05-21,5,20,3,21,871.0,372.0,1.5445833333333334,1.5283333333333335,1.5169444444444444,1.4616666666666664,1.5253472222222222,1.5505555555555557,1.5290185185185186,1.5437037037037038,1.5249845679012346,1.5048148148148146,1.5165476190476193,1.465925925925926,1.5079861111111112,1.4480555555555554,97609087.03500004,100860762.99,108047502.79000002,128924334.3,107214554.8625,104715711.07999998,105275825.616,97520908.63,103891060.86166666,96967237.09,102696957.95285717,95532340.5,101744629.73875,95078332.24
102610983.79,2017-05-28,5,21,4,28,878.0,365.0,1.5701851851851851,1.5608333333333333,1.5562345679012346,1.5283333333333335,1.5325925925925925,1.4616666666666664,1.536185185185185,1.5505555555555557,1.5374382716049384,1.5437037037037038,1.5327777777777778,1.5048148148148146,1.5244212962962964,1.465925925925926,97972722.16000004,94357411.08,98935402.43666668,100860762.99,106432635.4025,128924334.3,106089250.53800002,104715711.07999998,104661193.55333334,97520908.63,103562056.9157143,96967237.09,102558342.36375,95532340.5
101592809.96,2017-06-04,6,22,1,4,885.0,358.0,1.5720833333333335,1.579537037037037,1.5683333333333334,1.5608333333333333,1.5583333333333336,1.5283333333333335,1.539,1.4616666666666664,1.5409259259259258,1.5505555555555557,1.5413227513227512,1.5437037037037038,1.5367592592592592,1.5048148148148146,102099508.51500002,101588033.24,99518809.37000002,94357411.08,99854297.775,100860762.99,105668305.08,128924334.3,105509539.41333334,104715711.07999998,104368306.44428572,97520908.63,103443172.775,96967237.09
104514401.4,2017-06-11,6,23,2,11,892.0,351.0,1.5431018518518522,1.5646296296296298,1.5552469135802471,1.579537037037037,1.5566435185185186,1.5608333333333333,1.5509814814814815,1.5283333333333335,1.5360956790123457,1.4616666666666664,1.5381613756613757,1.5505555555555557,1.5388541666666669,1.5437037037037038,102101896.87500004,102610983.79,101930608.99666668,101588033.24,100037309.5175,94357411.08,100202000.212,100860762.99,104989055.89333332,128924334.3,104950006.63428572,104715711.07999998,104021369.38375,97520908.63
101692455.8,2017-06-18,6,24,3,18,899.0,344.0,1.5300393734856352,1.5215740740740744,1.5415694588669668,1.5646296296296298,1.5510613534094844,1.579537037037037,1.553015749394254,1.5608333333333333,1.548902013384101,1.5283333333333335,1.536439820995896,1.4616666666666664,1.5382042878158533,1.5505555555555557,103053605.68,101592809.96,102906065.05,102610983.79,102576557.0975,101588033.24,100932727.894,94357411.08,100920733.74333334,100860762.99,104921248.10857144,128924334.3,104895555.98,104715711.07999998
103261015.34,2017-06-25,6,25,4,25,906.0,337.0,1.547710280373832,1.5385046728971965,1.538998211607246,1.5215740740740744,1.545406066112842,1.5646296296296298,1.552232260297681,1.579537037037037,1.5536657724702898,1.5608333333333333,1.5500468525935815,1.5283333333333335,1.538999329352717,1.4616666666666664,103103428.6,104514401.4,102599889.05333334,101592809.96,102602662.7375,102610983.79,102399736.838,101588033.24,101059349.21166666,94357411.08,101030979.75142856,100860762.99,104517649.07,128924334.3
106952504.42000002,2017-07-02,7,26,1,2,913.0,330.0,1.5632264624437524,1.5569158878504676,1.5549858659282336,1.5385046728971965,1.5466329179646938,1.5215740740740744,1.550232260297681,1.5646296296296298,1.5551163897542404,1.579537037037037,1.5559330959798252,1.5608333333333333,1.5524831256490137,1.5283333333333335,102476735.57000002,101692455.8,103155957.51333334,104514401.4,102765170.625,101592809.96,102734333.258,102610983.79,102543283.255,101588033.24,101373872.94428572,94357411.08,101309734.2,100860762.99
88670311.46,2017-07-09,7,27,2,9,920.0,323.0,1.5549074074074074,1.5695370370370374,1.5555769008884277,1.5569158878504676,1.5513088438906195,1.5385046728971965,1.5453618899273107,1.5215740740740744,1.5485731798776972,1.5646296296296298,1.5529965880433174,1.579537037037037,1.5539761812045692,1.5608333333333333,105106759.88000004,103261015.34,103968658.52000004,101692455.8,104105094.24,104514401.4,103602637.384,101592809.96,103437361.785,102610983.79,103173171.99285714,101588033.24,102071201.87875,94357411.08
89361464.92999999,2017-07-16,7,28,3,16,927.0,316.0,1.560648148148148,1.5402777777777776,1.563611111111111,1.5695370370370374,1.5619373052959502,1.5569158878504676,1.557250778816199,1.5385046728971965,1.5513046613591783,1.5215740740740744,1.5532082282549573,1.5646296296296298,1.5564993293527172,1.579537037037037,97811407.94000004,106952504.42000002,99627943.74,103261015.34,100144071.755,101692455.8,101018137.684,104514401.4,101113916.39666666,101592809.96,101327783.16714284,102610983.79,101360314.42625,101588033.24
86658414.21,2017-07-23,7,29,4,23,934.0,309.0,1.572222222222222,1.5810185185185182,1.561574074074074,1.5402777777777776,1.563564814814815,1.5695370370370374,1.5622350294219454,1.5569158878504676,1.5582799700011538,1.5385046728971965,1.5530362705829996,1.5215740740740744,1.5544854404638282,1.5646296296296298,89015888.19500001,88670311.46,94994760.27000004,106952504.42000002,97061324.0375,103261015.34,97987550.39,101692455.8,99075358.89166668,104514401.4,99434994.75857145,101592809.96,99831993.3875,102610983.79
88623998.44999999,2017-07-30,7,30,5,30,941.0,302.0,1.566898148148148,1.5634259259259258,1.5716049382716044,1.5810185185185182,1.5637731481481478,1.5402777777777776,1.5649259259259256,1.5695370370370374,1.5635909195800162,1.5569158878504676,1.560007170053899,1.5385046728971965,1.555203033056421,1.5215740740740744,88009939.57000001,89361464.92999999,88230063.53333335,88670311.46,92910673.755,106952504.42000002,94980742.072,103261015.34,96099361.02666666,101692455.8,97301509.65142857,104514401.4,97837922.19,101592809.96
89365374.1,2017-08-06,8,31,1,6,948.0,295.0,1.5882870370370368,1.57037037037037,1.5799999999999998,1.5634259259259258,1.5802546296296294,1.5810185185185182,1.572259259259259,1.5402777777777776,1.5718055555555557,1.5695370370370374,1.5696784601691145,1.5569158878504676,1.5657817367601246,1.5385046728971965,87641206.33000001,86658414.21,88214625.86333333,89361464.92999999,88328547.26249999,88670311.46,92053338.694,106952504.42000002,93921284.80166666,103261015.34,95031452.08714284,101692455.8,96216820.75125,104514401.4
81779901.83000001,2017-08-13,8,32,2,13,955.0,288.0,1.6238888888888887,1.6062037037037038,1.606049382716049,1.57037037037037,1.5953935185185184,1.5634259259259258,1.5925185185185182,1.5810185185185182,1.5838117283950617,1.5402777777777776,1.5817724867724867,1.5695370370370374,1.5786654119072343,1.5569158878504676,88994686.275,88623998.44999999,88215928.92,86658414.21,88502312.92249998,89361464.92999999,88535912.63,88670311.46,91605344.59499998,106952504.42000002,93270440.4157143,103261015.34,94323192.33875,101692455.8
78563715.80000001,2017-08-20,8,33,3,20,962.0,281.0,1.689212962962963,1.6415740740740736,1.6615432098765437,1.6062037037037038,1.63875,1.57037037037037,1.6236851851851852,1.5634259259259258,1.616574074074074,1.5810185185185182,1.6056746031746028,1.5402777777777776,1.6011574074074075,1.5695370370370374,85572637.96500002,89365374.1,86589758.12666668,88623998.44999999,86606922.1475,86658414.21,87157830.704,89361464.92999999,87409910.83,88670311.46,90201709.9142857,106952504.42000002,91834123.0925,103261015.34
73669242.16999999,2017-08-27,8,34,4,27,969.0,274.0,1.774027777777778,1.7368518518518523,1.7298765432098764,1.6415740740740736,1.6989583333333336,1.6062037037037038,1.6732407407407408,1.57037037037037,1.6549382716049383,1.5634259259259258,1.6443783068783069,1.5810185185185182,1.6313657407407405,1.5402777777777776,80171808.81500003,81779901.83000001,83236330.57666668,89365374.1,84583247.545,88623998.44999999,84998280.87799999,86658414.21,85725478.21999998,89361464.92999999,86146168.68285714,88670311.46,88746960.65,106952504.42000002
72704273.07000001,2017-09-03,9,35,1,3,976.0,267.0,1.8331944444444448,1.811203703703704,1.8010802469135805,1.7368518518518523,1.7612037037037038,1.6415740740740736,1.730203703703704,1.6062037037037038,1.7035648148148148,1.57037037037037,1.6835449735449737,1.5634259259259258,1.6707291666666664,1.5810185185185182,76116478.98500001,78563715.80000001,78004286.60000001,81779901.83000001,80844558.475,89365374.1,82400446.47,88623998.44999999,83110107.76,86658414.21,84003158.78428571,89361464.92999999,84586552.86874999,88670311.46
70063266.33000001,2017-09-10,9,36,2,10,983.0,260.0,1.849537037037037,1.8551851851851853,1.8367592592592592,1.811203703703704,1.811782407407408,1.7368518518518523,1.7777407407407408,1.6415740740740736,1.7491512345679012,1.6062037037037038,1.7236111111111112,1.57037037037037,1.7035879629629629,1.5634259259259258,73186757.62,73669242.16999999,74979077.01333334,78563715.80000001,76679283.2175,81779901.83000001,79216501.394,89365374.1,80784417.57000001,88623998.44999999,81623559.94714285,86658414.21,82590798.07000001,89361464.92999999
68342754.75999999,2017-09-17,9,37,3,17,990.0,253.0,1.8376388888888888,1.843888888888889,1.8434876543209875,1.8551851851851853,1.8354166666666667,1.811203703703704,1.815703703703704,1.7368518518518523,1.7866820987654322,1.6415740740740736,1.7608994708994707,1.6062037037037038,1.737083333333333,1.57037037037037,71383769.70000002,72704273.07000001,72145593.85666668,73669242.16999999,73750124.3425,78563715.80000001,75356079.84,81779901.83000001,77690962.21666668,89365374.1,79252824.53571428,88623998.44999999,80178523.24499999,86658414.21
68116443.36999999,2017-09-24,9,38,4,24,997.0,246.0,1.832361111111111,1.8313888888888887,1.836203703703704,1.843888888888889,1.840949074074074,1.8551851851851853,1.835,1.811203703703704,1.8186419753086425,1.7368518518518523,1.7933465608465606,1.6415740740740736,1.7699537037037036,1.6062037037037038,69203010.54500002,70063266.33000001,70370098.05333334,72704273.07000001,71194884.0825,73669242.16999999,72668650.426,78563715.80000001,74187192.32666667,81779901.83000001,76355504.00857143,89365374.1,77889065.81375,88623998.44999999
67810318.17000002,2017-10-01,10,39,1,1,1004.0,239.0,1.8523148148148143,1.8333333333333333,1.8453395061728397,1.8313888888888887,1.844976851851852,1.843888888888889,1.8470185185185184,1.8551851851851853,1.8410493827160488,1.811203703703704,1.826164021164021,1.7368518518518523,1.8030902777777775,1.6415740740740736,68229599.065,68342754.75999999,68840821.48666668,70063266.33000001,69806684.3825,72704273.07000001,70579195.94000001,73669242.16999999,71909949.25,78563715.80000001,73319942.4757143,81779901.83000001,75325621.42875,89365374.1
69569184.96000001,2017-10-08,10,40,2,8,1011.0,232.0,1.8573148148148144,1.871296296296296,1.8493209876543208,1.8333333333333333,1.844837962962963,1.8313888888888887,1.844648148148148,1.843888888888889,1.8464043209876544,1.8551851851851853,1.841375661375661,1.811203703703704,1.828310185185185,1.7368518518518523,67963380.77000001,68116443.36999999,68089838.76666667,68342754.75999999,68583195.6575,70063266.33000001,69407411.14000002,72704273.07000001,70117716.31166667,73669242.16999999,71324287.66714285,78563715.80000001,72631239.4375,81779901.83000001
73958768.28,2017-10-15,10,41,3,15,1018.0,225.0,1.813101851851852,1.8433333333333333,1.8325,1.871296296296296,1.8327083333333327,1.8333333333333333,1.8324444444444443,1.8313888888888887,1.834351851851852,1.843888888888889,1.8373280423280425,1.8551851851851853,1.8340625,1.811203703703704,68689751.56500003,67810318.17000002,68498648.83333334,68116443.36999999,68459675.315,68342754.75999999,68780393.518,70063266.33000001,69434373.44333334,72704273.07000001,70039354.69000001,73669242.16999999,71104899.82875,78563715.80000001
83323241.96000001,2017-10-22,10,42,4,22,1025.0,218.0,1.7237037037037035,1.7828703703703703,1.7635802469135804,1.8433333333333333,1.7905092592592593,1.871296296296296,1.799074074074074,1.8333333333333333,1.80445987654321,1.8313888888888887,1.8100925925925928,1.843888888888889,1.8157291666666668,1.8551851851851853,71763976.62000002,69569184.96000001,70446090.47000001,67810318.17000002,69863678.695,68116443.36999999,69559493.90799999,68342754.75999999,69643455.97833334,70063266.33000001,70080715.56285715,72704273.07000001,70529281.38875,73669242.16999999
87805145.68999998,2017-10-29,10,43,5,29,1032.0,211.0,1.6323611111111112,1.6645370370370371,1.682530864197531,1.7828703703703703,1.7227314814814816,1.8433333333333333,1.7524444444444445,1.871296296296296,1.765925925925926,1.8333333333333333,1.7752777777777775,1.8313888888888887,1.7838541666666667,1.843888888888889,78641005.12000002,73958768.28,75617065.06666668,69569184.96000001,73665378.3425,67810318.17000002,72555591.348,68116443.36999999,71853451.91666667,68342754.75999999,71597711.11857143,70063266.33000001,71736031.36250001,72704273.07000001
88398477.57999998,2017-11-05,11,44,1,5,1039.0,204.0,1.5796296296296295,1.6001851851851852,1.607932098765432,1.6645370370370371,1.6516666666666666,1.7828703703703703,1.69,1.8433333333333333,1.720216049382716,1.871296296296296,1.7363756613756614,1.8333333333333333,1.7482523148148148,1.8313888888888887,85564193.82500002,83323241.96000001,81695718.64333333,73958768.28,78664085.2225,69569184.96000001,76493331.812,67810318.17000002,75097183.73833333,68116443.36999999,74132265.31285714,68342754.75999999,73623640.44,70063266.33000001
80103132.85000001,2017-11-12,11,45,2,12,1046.0,197.0,1.533935185185185,1.5590740740740738,1.5560185185185185,1.6001851851851852,1.583148148148148,1.6645370370370371,1.6230925925925923,1.7828703703703703,1.659799382716049,1.8433333333333333,1.6900132275132276,1.871296296296296,1.7079282407407406,1.8333333333333333,88101811.63499999,87805145.68999998,86508955.07666667,83323241.96000001,83371408.3775,73958768.28,80610963.69399999,69569184.96000001,78477522.77333334,67810318.17000002,76997368.57285714,68116443.36999999,75915541.84625,68342754.75999999
68212552.41,2017-11-19,11,46,3,19,1053.0,190.0,1.5039814814814816,1.5087962962962962,1.5223456790123455,1.5590740740740738,1.5418055555555554,1.6001851851851852,1.5663518518518518,1.6645370370370371,1.602438271604938,1.7828703703703703,1.6368518518518518,1.8433333333333333,1.6661574074074077,1.871296296296296,84250805.215,88398477.57999998,85435585.37333333,87805145.68999998,84907499.52,83323241.96000001,82717753.272,73958768.28,80526325.22000001,69569184.96000001,78709752.78428571,67810318.17000002,77385589.1075,68116443.36999999
92510848.37999998,2017-11-26,11,47,4,26,1060.0,183.0,1.5006481481481484,1.499166666666667,1.5033641975308645,1.5087962962962962,1.5172916666666667,1.5590740740740738,1.5338703703703704,1.6001851851851852,1.5556481481481483,1.6645370370370371,1.5881084656084656,1.7828703703703703,1.620011574074074,1.8433333333333333,74157842.63000003,80103132.85000001,78904720.94666667,88398477.57999998,81129827.1325,87805145.68999998,81568510.098,83323241.96000001,80300219.795,73958768.28,78767214.81857143,69569184.96000001,77397602.7375,67810318.17000002
98084216.05,2017-12-03,12,48,1,3,1067.0,176.0,1.4437500000000003,1.5021296296296296,1.4622222222222223,1.499166666666667,1.473865740740741,1.5087962962962962,1.4909074074074076,1.5590740740740738,1.5091203703703704,1.6001851851851852,1.5313227513227514,1.6645370370370371,1.562766203703704,1.7828703703703703,80361700.39500001,68212552.41,80275511.21333335,80103132.85000001,82306252.80499999,88398477.57999998,83406031.382,87805145.68999998,83392233.145,83323241.96000001,82044595.30714285,73958768.28,80485169.01375,69569184.96000001
84587343.80999999,2017-12-10,12,49,2,10,1074.0,169.0,1.3634259259259265,1.385370370370371,1.4096604938271609,1.5021296296296296,1.4320370370370372,1.499166666666667,1.447388888888889,1.5087962962962962,1.466003086419753,1.5590740740740738,1.4851719576719578,1.6001851851851852,1.5075925925925926,1.6645370370370371,95297532.215,92510848.37999998,86269205.61333333,68212552.41,84727687.42249998,80103132.85000001,85461845.454,88398477.57999998,85852395.49333332,87805145.68999998,85491087.84571429,83323241.96000001,84049547.89999999,73958768.28
79997580.33000003,2017-12-17,12,50,3,17,1081.0,162.0,1.3552314814814816,1.3414814814814815,1.3652777777777785,1.385370370370371,1.3994907407407409,1.5021296296296296,1.419425925925926,1.499166666666667,1.4343209876543213,1.5087962962962962,1.4521428571428572,1.5590740740740738,1.4706481481481484,1.6001851851851852,91335779.93,98084216.05,91727469.41333334,92510848.37999998,85848740.1625,68212552.41,84699618.69999999,80103132.85000001,85316095.17999999,88398477.57999998,85671673.82428572,87805145.68999998,85378119.84125,83323241.96000001
104152871.45999998,2017-12-24,12,51,4,24,1088.0,155.0,1.4044444444444444,1.3689814814814818,1.383456790123457,1.3414814814814815,1.383935185185185,1.385370370370371,1.407574074074074,1.5021296296296296,1.4228395061728396,1.499166666666667,1.4351190476190478,1.5087962962962962,1.450613425925926,1.5590740740740738,82292462.07000002,84587343.80999999,87556380.06333335,98084216.05,88794997.14250001,92510848.37999998,84678508.19600001,68212552.41,83915945.63833334,80103132.85000001,84556307.34428571,88398477.57999998,84962412.13749999,87805145.68999998
100797144.31,2017-12-31,12,52,5,31,1095.0,148.0,1.3617129629629627,1.439907407407407,1.3641358024691357,1.3689814814814818,1.3584722222222223,1.3414814814814815,1.363851851851852,1.385370370370371,1.3868981481481482,1.5021296296296296,1.402936507936508,1.499166666666667,1.4161689814814815,1.5087962962962962,92075225.895,79997580.33000003,89579265.2,84587343.80999999,91705502.9125,98084216.05,91866572.006,92510848.37999998,87924235.40666667,68212552.41,86806935.04142857,80103132.85000001,87005877.85875,88398477.57999998
102027729.64,2018-01-07,1,1,1,7,1102.0,141.0,1.3206481481481482,1.2835185185185185,1.3604012345679009,1.439907407407407,1.3625462962962962,1.3689814814814818,1.3583333333333334,1.3414814814814815,1.3628395061728396,1.385370370370371,1.3827380952380952,1.5021296296296296,1.3972916666666668,1.499166666666667,102475007.885,104152871.45999998,94982532.03333336,79997580.33000003,92383734.9775,84587343.80999999,93523831.192,98084216.05,93355000.72333331,92510848.37999998,89763222.39285715,68212552.41,88555711.19999999,80103132.85000001
117087151.15,2018-01-14,1,2,2,14,1109.0,134.0,1.3901851851851852,1.3577777777777778,1.3546296296296294,1.2835185185185185,1.375949074074074,1.439907407407407,1.3745555555555555,1.3689814814814818,1.3690432098765433,1.3414814814814815,1.3713756613756616,1.385370370370371,1.3877199074074074,1.5021296296296296,101412436.97500002,100797144.31,102325915.13666669,104152871.45999998,96743831.435,79997580.33000003,94312533.91,84587343.80999999,94941147.6,98084216.05,94593961.99714288,92510848.37999998,91296285.79875,68212552.41
109795058.52,2018-01-21,1,3,3,21,1116.0,127.0,1.399861111111111,1.4225925925925924,1.3858333333333333,1.3577777777777778,1.3602546296296296,1.2835185185185185,1.3761851851851852,1.439907407407407,1.3749845679012342,1.3689814814814818,1.3701984126984126,1.3414814814814815,1.3720949074074076,1.385370370370371,109557440.395,102027729.64,106637341.7,100797144.31,106016224.14,104152871.45999998,100812495.378,79997580.33000003,98108303.45,84587343.80999999,98104862.39285716,98084216.05,97405610.64125,92510848.37999998
169177831.69000003,2018-01-28,1,4,4,28,1123.0,120.0,1.3846759259259265,1.3771296296296298,1.3973148148148151,1.4225925925925924,1.3874305555555555,1.3577777777777778,1.3666481481481485,1.2835185185185185,1.3788580246913582,1.439907407407407,1.37744708994709,1.3689814814814818,1.3729513888888891,1.3414814814814815,113441104.835,117087151.15,109636646.43666668,102027729.64,107426770.905,100797144.31,106771991.016,104152871.45999998,102309589.235,79997580.33000003,99777839.88857144,84587343.80999999,99566136.90875,98084216.05
117577618.36999996,2018-02-04,2,5,1,4,1130.0,113.0,1.3131481481481484,1.3922222222222227,1.3344753086419754,1.3771296296296298,1.3565046296296297,1.4225925925925924,1.3567592592592592,1.3577777777777778,1.3445524691358024,1.2835185185185185,1.3581746031746031,1.439907407407407,1.359525462962963,1.3689814814814818,139486445.10500005,109795058.52,132020013.78666668,117087151.15,124521942.75,102027729.64,119776983.062,100797144.31,117172964.46166666,104152871.45999998,111862195.3,79997580.33000003,108452838.86375,84587343.80999999
101791302.62,2018-02-11,2,6,2,11,1137.0,106.0,1.2705555555555554,1.234074074074074,1.3111111111111111,1.3922222222222227,1.3276157407407407,1.3771296296296298,1.3466111111111112,1.4225925925925924,1.348472222222222,1.3577777777777778,1.3391931216931217,1.2835185185185185,1.3517824074074074,1.439907407407407,143377725.03000003,169177831.69000003,132183502.86,109795058.52,128409414.9325,117087151.15,123133077.874,102027729.64,119410422.28,100797144.31,117230772.16285712,104152871.45999998,112576623.18375,79997580.33000003
109231443.74,2018-02-18,2,7,3,18,1144.0,99.0,1.3405555555555555,1.307037037037037,1.3050617283950616,1.234074074074074,1.326851851851852,1.3922222222222227,1.3369074074074077,1.3771296296296298,1.3511882716049382,1.4225925925925924,1.35212962962963,1.3577777777777778,1.343553240740741,1.2835185185185185,109684460.49500002,117577618.36999996,129515584.22666667,169177831.69000003,124585452.8,109795058.52,123085792.47,117087151.15,119576115.33166666,102027729.64,116893405.18571427,100797144.31,115300838.47,104152871.45999998
111844929.76,2018-02-25,2,8,4,25,1151.0,92.0,1.3668518518518518,1.3740740740740742,1.3469135802469134,1.307037037037037,1.3187037037037035,1.234074074074074,1.3334074074074074,1.3922222222222227,1.3406944444444446,1.3771296296296298,1.35239417989418,1.4225925925925924,1.3530671296296295,1.3577777777777778,105511373.18000004,101791302.62,109533454.91,117577618.36999996,124444549.10500002,169177831.69000003,121514650.988,109795058.52,120776734.34833334,117087151.15,118098305.10428572,102027729.64,115935660.005,100797144.31
111465199.17999998,2018-03-04,3,9,1,4,1158.0,85.0,1.3549074074074072,1.3596296296296293,1.3612962962962962,1.3740740740740742,1.3477314814814814,1.307037037037037,1.3249999999999995,1.234074074074074,1.3362037037037038,1.3922222222222227,1.3420502645502643,1.3771296296296298,1.3521180555555556,1.4225925925925924,110538186.75000004,109231443.74,107622558.70666666,101791302.62,110111323.6225,117577618.36999996,121924625.23600002,169177831.69000003,119903030.78333336,109795058.52,119500762.2642857,117087151.15,117316633.18625,102027729.64
113673979.18,2018-03-11,3,10,2,11,1165.0,78.0,1.3426388888888892,1.3501851851851852,1.3483024691358023,1.3596296296296293,1.3547453703703702,1.3740740740740742,1.3452037037037037,1.307037037037037,1.326682098765432,1.234074074074074,1.3360449735449735,1.3922222222222227,1.3411805555555556,1.3771296296296298,111655064.47,111844929.76,110847190.89333332,109231443.74,108583218.825,101791302.62,110382098.734,117577618.36999996,120181387.56,169177831.69000003,118697626.26857142,109795058.52,118496316.87875,117087151.15
118268952.1,2018-03-18,3,11,3,18,1172.0,71.0,1.3243981481481484,1.335092592592593,1.332993827160494,1.3501851851851852,1.3396527777777778,1.3596296296296293,1.346537037037037,1.3740740740740742,1.3399537037037037,1.307037037037037,1.324828042328042,1.234074074074074,1.3332523148148148,1.3922222222222227,112569589.18,111465199.17999998,112328036.04,111844929.76,111553887.965,109231443.74,109601370.896,101791302.62,110930745.475,117577618.36999996,119251757.79142857,169177831.69000003,118069670.3825,109795058.52
